"DESCRIPTION","DURATION IN MS","NAME","PARENT SUITE","START TIME","STATUS","STOP TIME","SUB SUITE","SUITE","TEST CLASS","TEST METHOD"
"Verify search results match the search query
        
        Args:
            dashboard_page: Dashboard page object
            search_test_data: Fixture containing search username
        ","3787","Verify search results match query","tests","2026-10-10","passed","2026-10-10","TestSearchFunctionality","test_verify_db_main_element_display","",""
"The first click sorts the currently displayed contracts ascending.","0","test_sort_contracts_by_column_ascending[chromium-Subject]","tests","2026-10-10","skipped","2026-10-10","","test_sort_contracts","",""
"Verify progress bar fraction and percentage match expected values
        
        Args:
            dashboard_page: Dashboard page object
            widget_type: Type of progress bar (invoice, lead, project, task_not_finish)
            expected_fraction: Expected fraction value (e.g., ""3 / 6"")
            expected_percent: Expected percentage value (e.g., ""50.00"")
        ","50","Verify lead progress bar values","tests","2026-10-10","failed","2026-10-10","TestProgressBars","test_verify_db_main_element_display","",""
"Verify all dashboard widgets are displayed","281","Verify all widgets are displayed","tests","2026-10-10","passed","2026-10-10","TestDashboardDisplay","test_verify_db_main_element_display","",""
"","43","Verify Dashboard page display successfully after login","tests","2026-10-10","passed","2026-10-10","","test_verify_dashboard_display","",""
"Verify left menu is visible on dashboard","46","Verify left menu is visible","tests","2026-10-10","passed","2026-10-10","TestDashboardDisplay","test_verify_db_main_element_display","",""
"The first click sorts the currently displayed contracts ascending.","0","test_sort_contracts_by_column_ascending[chromium-Contract Value]","tests","2026-10-10","skipped","2026-10-10","","test_sort_contracts","",""
"The second click reverses the order of the currently displayed rows.","0","test_sort_contracts_by_column_descending_on_second_click[chromium-Subject]","tests","2026-10-10","skipped","2026-10-10","","test_sort_contracts","",""
"The first click sorts the currently displayed contracts ascending.","0","test_sort_contracts_by_column_ascending[chromium-Customer]","tests","2026-10-10","skipped","2026-10-10","","test_sort_contracts","",""
"Create a contract for Anh Tester 0109 and verify the saved details.","8869","test_create_contract_successfully[chromium]","tests","2026-10-10","passed","2026-10-10","","test_create_contract","",""
"Verify all header icons are displayed","147","Verify all header icons are displayed","tests","2026-10-10","passed","2026-10-10","TestDashboardDisplay","test_verify_db_main_element_display","",""
"The first click sorts the currently displayed contracts ascending.","0","test_sort_contracts_by_column_ascending[chromium-Start Date]","tests","2026-10-10","skipped","2026-10-10","","test_sort_contracts","",""
"Create a customer and verify it is shown on the detail page.","3645","test_create_customer_successfully[chromium]","tests","2026-10-10","passed","2026-10-10","","test_create_customer","",""
"Create a minimal contract, edit its required subject, and verify the update.","18088","test_edit_contract_successfully[chromium]","tests","2026-10-10","passed","2026-10-10","","test_edit_contract","",""
"Verify progress bar fraction and percentage match expected values
        
        Args:
            dashboard_page: Dashboard page object
            widget_type: Type of progress bar (invoice, lead, project, task_not_finish)
            expected_fraction: Expected fraction value (e.g., ""3 / 6"")
            expected_percent: Expected percentage value (e.g., ""50.00"")
        ","60","Verify project progress bar values","tests","2026-10-10","failed","2026-10-10","TestProgressBars","test_verify_db_main_element_display","",""
"The second click reverses the order of the currently displayed rows.","0","test_sort_contracts_by_column_descending_on_second_click[chromium-Contract Value]","tests","2026-10-10","skipped","2026-10-10","","test_sort_contracts","",""
"Create a minimal contract, then delete it from the contracts list.","13879","test_delete_contract_successfully[chromium]","tests","2026-10-10","passed","2026-10-10","","test_delete_contract","",""
"Verify dashboard menu item is highlighted","50","Verify dashboard menu is highlighted","tests","2026-10-10","passed","2026-10-10","TestDashboardDisplay","test_verify_db_main_element_display","",""
"The second click reverses the order of the currently displayed rows.","0","test_sort_contracts_by_column_descending_on_second_click[chromium-Customer]","tests","2026-10-10","skipped","2026-10-10","","test_sort_contracts","",""
"Verify progress bar fraction and percentage match expected values
        
        Args:
            dashboard_page: Dashboard page object
            widget_type: Type of progress bar (invoice, lead, project, task_not_finish)
            expected_fraction: Expected fraction value (e.g., ""3 / 6"")
            expected_percent: Expected percentage value (e.g., ""50.00"")
        ","75","Verify invoice progress bar values","tests","2026-10-10","failed","2026-10-10","TestProgressBars","test_verify_db_main_element_display","",""
"Verify progress bar fraction and percentage match expected values
        
        Args:
            dashboard_page: Dashboard page object
            widget_type: Type of progress bar (invoice, lead, project, task_not_finish)
            expected_fraction: Expected fraction value (e.g., ""3 / 6"")
            expected_percent: Expected percentage value (e.g., ""50.00"")
        ","84","Verify task_not_finish progress bar values","tests","2026-10-10","failed","2026-10-10","TestProgressBars","test_verify_db_main_element_display","",""
"The second click reverses the order of the currently displayed rows.","0","test_sort_contracts_by_column_descending_on_second_click[chromium-Start Date]","tests","2026-10-10","skipped","2026-10-10","","test_sort_contracts","",""
